<core:FragmentDefinition xmlns:l="sap.ui.layout" xmlns:com="sap.ui.commons" xmlns:form="sap.ui.layout.form" xmlns:mvc="sap.ui.core.mvc" xmlns:m="sap.m" xmlns:html="http://www.w3.org/1999/xhtml" xmlns:core="sap.ui.core" xmlns:u="sap.ui.unified" xmlns="sap.ui.table">

	<m:dialog resizable="true" contentHeight="1000px" contentWidth="1400px">

          	<m:content>
	<!-- <m:Image src="./AdstreamBig.png" mode="sap.m.ImageMode.Background"/> -->
	<html:style>
                 .myText {
background-image: url('./AdstreamBig.png');
background-size: 850px 850px;
  opacity: 0.9;
  background-position: center;
                     }
                    .myALign {
                    text-align: right;
                    }
          </html:style>
			<form:SimpleForm layout="ResponsiveGridLayout" class="myText">
				<form:SimpleForm id ="form1" backgroundDesign="Transparent" editable="true" labelSpanM="4"
					layout="ResponsiveGridLayout" items="{/}">
			<m:Label text="Customer Code" />
			<m:Text id ="CustomerCode" value="{CardCode}"/>
			<m:Label text="Customer Name" />
			<m:Text id ="CustomerName" value="{CardName}"/>
			<m:Label text="Order Reference No." />
			<m:Text id="OrderRef" value="{U_OrderReference}" />
			<m:Label text="Currency" />
			<m:Text id="DocCur" value="{/DocCur}" />
            </form:SimpleForm>
				<form:SimpleForm backgroundDesign="Transparent" binding="{SO_2_BP}"
					editable="true" labelSpanM="4" layout="ResponsiveGridLayout">
			<m:Label text="Doc No." />
			<m:Text id="DocNo" value="{DocNum}" />
			<m:Label text="Doc Date" />
			<m:Text id="DocDate" value="{DocDate}" />
			<m:Label text="PO No." />
			<m:Text id="PoNo" value="{U_PONumber}" />
			<m:Label text="Job No." />
			<m:Text id="JobNo" value="{U_JobNumber}" />
				</form:SimpleForm>
			</form:SimpleForm>
<!-- 			<m:Button text="Select Items" press="onPress" width="100%"> -->
<!-- 				<m:customData> -->
<!-- 					<core:CustomData key="multi" value="true" /> -->
<!-- 					<core:CustomData key="remember" value="true" /> -->
<!-- 				</m:customData> -->
<!-- 			</m:Button> -->
			<Table id="table1" rows="{/}" selectionBehavior="sap.ui.table.SelectionBehavior.Row" selectionMode="MultiToggle" columnHeaderHeight="40px">
				<toolbar>
					<m:Toolbar>
						<m:content>
							<m:Title id="title" text="Products" />
							<m:ToolbarSpacer />
<!-- 							<m:Button icon="sap-icon://activities" tooltip="show indices of selected items" -->
<!-- 								press="getSelectedIndices" /> -->
								<m:Button id="AddLineButton" icon="sap-icon://add" tooltip="show context of latest selection item"
								press="getContextByIndex1" text="Add Line" />
						<m:ToolbarSeparator/>
						</m:content>
					</m:Toolbar>
				</toolbar>
				<columns>
					<Column hAlign="Center" width="152px">
						<m:Label text="Description"/>
						<template>
						<m:Combobox id="combobox" value="{ItemName}" editable="{Editable}" items="{TheFirstModel>/}" change="onChange" width="500px">
                             <m:items>
                               <core:ListItem id="ItemName" text="{TheFirstModel>ItemName}" key="{TheFirstModel>ItemCode}"/>
                             </m:items>
							</m:Combobox>
						</template>
					</Column>
					<Column visible="false" hAlign="Center">
						<m:Label text="Product Id"/>
						<template>
							<m:Input value="{ItemCode}" editable="false"/>
						</template>
					</Column>
					<Column hAlign="Center">
						<m:Label text="QTY" />
						<template>
							<m:Input value="{Quantity}" textAlign="Right" editable="{Editable}"/>
						</template>
					</Column>
					<Column hAlign="Center">
						<m:Label text="Price"/>
						<template>
							<m:Input value="{ItemPrice}" textAlign="Right" editable="true"/>
						</template>
					</Column>
					<Column hAlign="Center">
						<m:Label text="Disc %"/>
						<template>
							<m:Input value="{DiscPrcnt}" textAlign="Right" editable="true"/>
						</template>
					</Column>
					<Column  hAlign="Center">
						<m:Label text="Price After Disc."/>
						<template>
							<m:Input value="{PriceAfterDis}" textAlign="Right" editable="false"/>
						</template>
					</Column>
					<Column hAlign="Center">
						<m:Label text="Line Total"/>
						<template>
							<m:Input value="{LineTotal}" textAlign="Right" editable="false"/>
						</template>
					</Column>
					<Column hAlign="Center">
						<m:Label text="Advertiser" />
						<template>
							<m:Input value="{U_advertiser}" editable="false"/>
						</template>
					</Column>
					<Column hAlign="Center">
						<m:Label text="Clock" />
						<template>
							<m:Input value="{U_Clockname}" editable="false"/>
						</template>
					</Column>
					<Column hAlign="Center">
						<m:Label text="No. of Sends"/>
						<template>
							<m:Input value="{U_Sends}" textAlign="Right" editable="false"/>
						</template>
					</Column>
					<Column visible="false" hAlign="Center">
						<m:Label text="LineNUm" />
						<template>
							<m:Input value="{LineNum}" editable="{Editable}"/>
						</template>
					</Column>
				</columns>
			</Table>
			<!-- <Table id="table2" rows="{/}" selectionBehavior="sap.ui.table.SelectionBehavior.Row" selectionMode="MultiToggle" ariaLabelledBy="title" growingThreshold="0">
				
				<columns>
					<Column width="11rem">
						<m:Label text="Product Name" />
						<template>
							<m:Input value="{ItemName}" />
						</template>
					</Column>
					<Column width="11rem">
						<m:Label text="Product Id" />
						<template>
							<m:Input value="{ItemCode}" />
						</template>
					</Column>
					<Column width="6rem" hAlign="End">
						<m:Label text="Quantity" />
						<template>
							<m:Input value="{QTY}" />
						</template>
					</Column>
					<Column width="6rem" hAlign="End">
						<m:Label text="Price" />
						<template>
							<m:Input value="{Price}" />
						</template>
					</Column>
					<Column width="11rem">
						<m:Label text="Remarks" />
						<template>
							<m:Input value="{Remarks}" />
						</template>
					</Column>
				</columns>
			</Table> -->
			<!-- <Table growing="true" growingThreshold="2" id="OrderLineDetail" -->
			<!-- selectionBehavior="sap.ui.table.SelectionBehavior.Row" items="{/}" -->
			<!-- cellClick="onCellClick1"> -->
			<!-- <headerToolbar> -->
			<!-- <Toolbar> -->
			<!-- <Title text="OrderLines" level="H3" /> -->
			<!-- </Toolbar> -->
			<!-- </headerToolbar> -->
			<!-- <columns> -->
			<!-- <Column> -->
			<!-- <Text text="DocNum" /> -->
			<!-- </Column> -->
			<!-- <Column> -->
			<!-- <Text text="ItemCode" /> -->
			<!-- </Column> -->
			<!-- <Column> -->
			<!-- <Text text="ItemPrice" /> -->
			<!-- </Column> -->
			<!-- </columns> -->
			<!-- <items> -->
			<!-- <ColumnListItem selectionMode="sap.m.ListMode.MultiSelect"> -->
			<!-- <cells> -->
			<!-- <Text text="{DocNum}" /> -->
			<!-- <Text text="{ItemCode}" /> -->
			<!-- <Text text="{ItemPrice}" /> -->
			<!-- </cells> -->
			<!-- </ColumnListItem> -->
			<!-- </items> -->
			<!-- </Table> -->
		</m:content>
			<m:Toolbar>
				<m:ToolbarSpacer />
				<m:Button id="UpdateButton" text="Update Order" press="onPress3"/>
			</m:Toolbar>
	</m:dialog>
</core:FragmentDefinition>