<?xml version="1.0" encoding="UTF-8"?>
<core:View xmlns:core="sap.ui.core" xmlns:mvc="sap.ui.core.mvc"
	xmlns="sap.m" controllerName="salesorders.Login" xmlns:html="http://www.w3.org/1999/xhtml">
	<Page id="mainPage">
<!-- 	<Panel>
      <Image src="./AdstreamLogo.png" title= "Please Login"/>
   </Panel> -->
		<content>
			<Panel width="auto" class="sapUiResponsiveMargin">
				<content>
					<Label text="User" />
					<Input id="UserName" type="Text" class="sapUiSmallMarginBottom"
						placeholder="User Name ..." />
					<Label text="Password" />
					<Input id="Password" type="Password" class="sapUiSmallMarginBottom"
						placeholder="Password ..." />
					<Label id="com" text="Company" />
					<!-- <Select id="CompanyDb" items="{/}" width="100%" >
						<core:ListItem key="{CompanyName}" text="{CompanyName}" />
                     </Select> -->
                     
                    	<Select id="CompanyDb" items="{/}" width="100%">
                                      <core:ListItem key="{CompanyDBName}" text="{CompanyName}" />
                         </Select>
					<Button id="button1" text="Login" press="onPress" width="100%" />
					<Button id="button2" text="See Open Orders" press="onPress1" width="100%" />
				</content>
			</Panel>
		</content>
	</Page>
</core:View>
