<core:View xmlns:core="sap.ui.core" xmlns:mvc="sap.ui.core.mvc" xmlns="sap.m"
		controllerName="salesorders.SalesOrders" xmlns:html="http://www.w3.org/1999/xhtml">
	
	<Page  id="Adstream" enableScrolling="true">

		<content>

                <ScrollContainer
height="720px"
   horizontal="true"
   vertical="true"
   focusable="true"
   >
	<Table mode="MultiSelect" id="idProductsTable" items="{/}" growing="true" growingThreshold="100" showNoData="true">
                <headerToolbar>
                    <OverflowToolbar id="otbSubheader">
                        <ToolbarSpacer/>
                        <Switch
							    id="selected"
								state="false"
								customTextOn="Show Selected Orders"
								customTextOff="Don't show Selected Orders"
								tooltip="show selected items"
								change="onSwitchChange"/>
								<Switch
							    id="isselected"
								state="true"
								customTextOn="A5"
								customTextOff="ALL"
								tooltip="Show A5/All Orders"
								change="onSwitchAll"/>
                        <SearchField placeholder="Filter" id="FilterVal" 
							value="{ui>/globalFilter}"
							search="filterGlobally"
							width="15rem">
                            <layoutData><OverflowToolbarLayoutData minWidth="200px" maxWidth="300px" shrinkable="true"/></layoutData>
                        </SearchField> 
                       <label text="Company : " textDirection="sap.ui.core.TextDirection.LTR"/>
                     <Text id="CompanyName" textAlign="sap.ui.core.TextDirection.LTR"/>
                     </OverflowToolbar>
                </headerToolbar>
                
                <columns>
                    <Column minScreenWidth="Tablet"><Text text="SAP Order No." /></Column>
                    <Column minScreenWidth="Tablet"><Text text="Order Date"/></Column>
                    <Column minScreenWidth="Tablet"><Text text="Customer Code"/></Column>
                    <Column minScreenWidth="Tablet"><Text text="Customer Name"/></Column>
                    <Column minScreenWidth="Tablet"><Text text="Order Ref No."/></Column>
                    <Column minScreenWidth="Tablet"><Text text="PO No."/></Column>
                    <Column minScreenWidth="Tablet"><Text text="Job No."/></Column>
                    <Column minScreenWidth="Tablet"><Text text="Value LC"/></Column>
                   <!-- <Column width="3em" minScreenWidth="Tablet"><Text text="Cur"/></Column>-->
                    <Column minScreenWidth="Tablet"><Text text="Value FC"/></Column>
                   <!--  <Column minScreenWidth="Tablet"><Text text="Completed" class="myFont"/></Column> -->
                    <Column minScreenWidth="Tablet"><Text text="Amend/Check"/></Column>
                    <Column visible="false" minScreenWidth="Tablet"><Text text="UpdateTime"/></Column>
                    <Column demandPopin="true" minScreenWidth="Tablet"><Text text="Approved"/></Column>
                    <Column demandPopin="true" visible="false" minScreenWidth="Tablet"><Text text="Rejected"/></Column>
                    <Column visible="false" minScreenWidth="Tablet"><Text text="Reason"/></Column>
                    <!-- <Column minScreenWidth="Tablet"><Text text="Update By" /></Column>
                    <Column minScreenWidth="Tablet"><Text text="Update Time" /></Column> -->
                </columns>
                <items>
                    <ColumnListItem>
                    
                        <cells>
                        
                            <Text text="{DocNum}" />
                            <Text text="{DocDate}" />
                            <Text text="{CardCode}" />
                            <Text text="{CardName}" />
                            <Text text="{U_OrderReference}" />
                            <Input value="{U_PONumber}" />
                            <Input value="{U_JobNumber}" />
                            <Text text="{DocTotal}" />
                            <!--<Text text="{DocCur}" />-->
                            <Text text="{DocTotalFC}" />
                            <!-- <Text text="{Completed}" /> -->
                            <Button id="AmendOrder" text="..." width="40px" press="handleDetailsPress" enabled="true"/>
<!--                                                         <Button id="AmendOrder" text="..." width="40px" press="handleDetailsPress" enabled="{path : 'Confirmed',formatter:'.editButton'}"/> -->
                             <Text text="{U_App_RejD}" />
                             <RadioButton id = "radio1" groupName = "{DocNum}" selected="{path : 'Confirmed',formatter:'.confirmedFormatter'}" select="setRating"/>
                             <RadioButton id = "radio2" groupName = "{DocNum}" selected="{path : 'U_Rejected',formatter:'.rejectedFormatter'}" editable="{path : 'Confirmed',formatter:'.editFormatter'}" select="setRating"/>
                            <Text text="{U_App_RejR}" />
                      <!--       <Text text="Email" />
                            <Text text="Current Time" /> -->
                            
                        </cells>
                    </ColumnListItem>
                </items>
            </Table>
		</ScrollContainer>
		<label id="Message1" text="ALL USERS: Before amending any orders please refresh using the button at the bottom of the page." textDirection="sap.ui.core.TextDirection.LTR"/>
		<label id="Message2" text="This is a temporary workaround, we are working on a solution." textDirection="sap.ui.core.TextDirection.LTR"/>
		</content>
		<footer>
            <OverflowToolbar id="otbFooter">
                <ToolbarSpacer/>
                <Button type="Save" text="Save" press="onSave">
                    <layoutData><OverflowToolbarLayoutData moveToOverflow="false" /></layoutData>
                </Button>
                <Button type="Refresh" text="Refresh" press="onRefresh">
                    <layoutData><OverflowToolbarLayoutData moveToOverflow="false" /></layoutData>
                </Button>
                <Button type="Logout" text="Logout" press="onLogout">
                    <layoutData><OverflowToolbarLayoutData moveToOverflow="false" /></layoutData>
                </Button>
            </OverflowToolbar>
		</footer>
	</Page>
</core:View>