[{"ItemCode":"100113","ItemName":"Special Compile Request","QTY":"0","Price":"0","Remarks":null},{"ItemCode":"100292","ItemName":"Per Audio Asset","QTY":"0","Price":"0","Remarks":null},{"ItemCode":"PRCI005","ItemName":"Cinema - Cinema:Video Conversion","QTY":"0","Price":"0","Remarks":null},{"ItemCode":"PRCO005","ItemName":"Correction - Reslates (Creating / Correcting) - up to :60 seconds - Audio","QTY":"0","Price":"0","Remarks":null},{"ItemCode":"SSUB00001","ItemName":"Subtitling - Yes","QTY":"0","Price":"0","Remarks":null},{"ItemCode":"SUB-SSUB00001","ItemName":"Subsequent C Captioning mpg/insertion fee","QTY":"0","Price":"0","Remarks":null}]