CardCode,U_PriceModel
CardCode,U_PriceModel
15AL,20
2D88,20
36DA,20
4GD4,20
A013,20
A111,20
A145,20
A150,20
A172,20
A195,20
A589,20
A984,20
AACO,20
ABC12345,20
ABINBEVPARA,20
ABINBEVUS,20
ABSB,20
ACAL,20
ACMF,20
ACMF1,20
ADAE0001,20
ADAE0002,20
ADAE0003,20
ADAE0004,20
ADAE0005,20
ADAE0006,20
ADAE0007,20
ADAE0008,20
ADAE0009,20
ADAE0057,20
ADAF0034,20
ADAF0039,20
ADAF0051,20
ADAF0061,20
ADAF0069,20
ADAU0002,20
ADBE0001,20
ADBG0001,20
ADCL0014,20
ADCZ0136,20
ADDR,20
ADES0001,20
ADEU0001,20
ADEU0002,20
ADEU0003,20
ADEU0004,20
ADEU0005,20
ADEU0006,20
ADEU0007,20
ADEU0008,20
ADEU0009,20
ADEU0010,20
ADEU0011,20
ADEU0012,20
ADFI0001,20
ADFR0001,20
ADFR0002,20
ADGB0001,20
ADGB0002,20
ADGB0003,20
ADGB0004,20
ADGB0005,20
ADGB0006,20
ADGB0007,20
ADGB0008,20
ADGB0009,20
ADGB0010,20
ADGB0011,20
ADGB0012,20
ADGB0013,20
ADGB0014,20
ADGB0015,20
ADGB0016,20
ADGB0017,20
ADGB0018,20
ADGB0019,20
ADGB0020,20
ADGB0021,20
ADGB0022,20
ADGB0023,20
ADGB0024,20
ADGB0025,20
ADGB0026,20
ADGB0027,20
ADGB0028,20
ADGB0029,20
ADGB0030,20
ADGB0031,20
ADGB0032,20
ADGB0033,20
ADGB0034,20
ADGB0035,20
ADGB0036,20
ADGB0037,20
ADGB0038,20
ADGB0039,20
ADGB0040,20
ADGB0041,20
ADGB0042,20
ADGB0043,20
ADGB0044,20
ADGB0045,20
ADGB0046,20
ADGB0047,20
ADGB0048,20
ADGB0049,20
ADGB0050,20
ADGB0051,20
ADGB0053,20
ADGB0054,20
ADGB0055,20
ADGB0056,20
ADGB0057,20
ADGB0058,20
ADGB0059,20
ADGB0060,20
ADGB0061,20
ADGB0062,20
ADGB0063,20
ADGB0064,20
ADGB0065,20
ADGB0066,20
ADGB0067,20
ADGB0068,20
ADGB0069,20
ADGB0070,20
ADGB0071,20
ADGB0072,20
ADGB0073,20
ADGB0074,20
ADGB0075,20
ADGB0076,20
ADGB0077,20
ADGB0078,20
ADGB0079,20
ADGB0080,20
ADGB0081,20
ADGB0082,20
ADGB0083,20
ADGB0084,20
ADGB0085,20
ADGB0086,20
ADGB0087,20
ADGB0088,20
ADGB0089,20
ADGB0090,20
ADGB0091,20
ADGB0092,20
ADGB0093,20
ADGB0094,20
ADGB0095,20
ADGB0096,20
ADGB0097,20
ADGB0098,20
ADGB0099,20
ADGB0100,20
ADGB0101,20
ADGB0102,20
ADGB0103,20
ADGB0104,20
ADGB0105,20
ADGB0106,20
ADGB0107,20
ADGB0108,20
ADGB0109,20
ADGB0110,20
ADGB0111,20
ADGB0112,20
ADGB0113,20
ADGB0114,20
ADGB0115,20
ADGB0116,20
ADGB0117,20
ADGB0118,20
ADGB0119,20
ADGB0120,20
ADGB0121,20
ADGB0122,20
ADGB0123,20
ADGB0124,20
ADGB0125,20
ADGB0126,20
ADGB0127,20
ADGB0128,20
ADGB0129,20
ADGB0130,20
ADGB0131,20
ADGB0132,20
ADGB0133,20
ADGB0134,20
ADGB0135,20
ADGB0136,20
ADGB0137,20
ADGB0138,20
ADGB0139,20
ADGB0140,20
ADGB0141,20
ADGB0142,20
ADGB0143,20
ADGB0144,20
ADGB0145,20
ADGB0146,20
ADGB0147,20
ADGB0148,20
ADGB0149,20
ADGB0150,20
ADGB0151,20
ADGB0152,20
ADGB0153,20
ADGB0154,20
ADGB0155,20
ADGB0156,20
ADGB0157,20
ADGB0158,20
ADGB0159,20
ADGB0160,20
ADGB0161,20
ADGB0162,20
ADGB0163,20
ADGB0164,20
ADGB0165,20
ADGB0166,20
ADGB0167,20
ADGB0168,20
ADGB0169,20
ADGB0170,20
ADGB0171,20
ADGB0172,20
ADGB0173,20
ADGB0174,20
ADGB0175,20
ADGB0176,20
ADGB0177,20
ADGB0179,20
ADGB0180,20
ADGB0181,20
ADGB0182,20
ADGB0183,20
ADGB0184,20
ADGB0185,20
ADGB0186,20
ADGB0187,20
ADGB0188,20
ADGB0189,20
ADGB0190,20
ADGB0191,20
ADGB0192,20
ADGB0193,20
ADGB0194,20
ADGB0195,20
ADGB0196,20
ADGB0197,20
ADGB0198,20
ADGB0199,20
ADGB0200,20
ADGB0201,20
ADGB0202,20
ADGB0203,20
ADGB0204,20
ADGB0205,20
ADGB0206,20
ADGB0207,20
ADGB0208,20
ADGB0209,20
ADGB0210,20
ADGB0211,20
ADGB0212,20
ADGB0213,20
ADGB0214,20
ADGB0215,20
ADGB0216,20
ADGB0217,20
ADGB0218,20
ADGB0219,20
ADGB0220,20
ADGB0221,20
ADGB0222,20
ADGB0223,20
ADGB0224,20
ADGB0225,20
ADGB0226,20
ADGB0227,20
ADGB0228,20
ADGB0229,20
ADGB0230,20
ADGB0231,20
ADGB0232,20
ADGB0233,20
ADGB0234,20
ADGB0235,20
ADGB0236,20
ADGB0237,20
ADGB0238,20
ADGB0239,20
ADGB0240,20
ADGB0241,20
ADGB0242,20
ADGB0243,20
ADGB0244,20
ADGB0245,20
ADGB0246,20
ADGB0247,20
ADGB0248,20
ADGB0249,20
ADGB0250,20
ADGB0251,20
ADGB0252,20
ADGB0253,20
ADGB0254,20
ADGB0255,20
ADGB0256,20
ADGB0257,20
ADGB0258,20
ADGB0259,20
ADGB0260,20
ADGB0261,20
ADGB0262,20
ADGB0263,20
ADGB0264,20
ADGB0265,20
ADGB0266,20
ADGB0267,20
ADGB0268,20
ADGB0269,20
ADGB0270,20
ADGB0271,20
ADGB0272,20
ADGB0273,20
ADGB0274,20
ADGB0275,20
ADGB0276,20
ADGB0277,20
ADGB0278,20
ADGB0279,20
ADGB0280,20
ADGB0281,20
ADGB0283,20
ADGB0284,20
ADGB0285,20
ADGB0286,20
ADGB0287,20
ADGB0288,20
ADGB0289,20
ADGB0290,20
ADGB0291,20
ADGB0292,20
ADGB0293,20
ADGB0294,20
ADGB0295,20
ADGB0296,20
ADGB0297,20
ADGB0298,20
ADGB0299,20
ADGB0301,20
ADGB0302,20
ADGB0303,20
ADGB0304,20
ADGB0305,20
ADGB0306,20
ADGB0307,20
ADGB0308,20
ADGB0309,20
ADGB0310,20
ADGB0311,20
ADGB0312,20
ADGB0313,20
ADGB0314,20
ADGB0315,20
ADGB0316,20
ADGB0317,20
ADGB0318,20
ADGB0319,20
ADGB0320,20
ADGB0322,20
ADGB0323,20
ADGB0324,20
ADGB0325,20
ADGB0326,20
ADGB0327,20
ADGB0328,20
ADGB0329,20
ADGB0330,20
ADGB0331,20
ADGB0332,20
ADGB0333,20
ADGB0334,20
ADGB0335,20
ADGB0336,20
ADGB0337,20
ADGB0338,20
ADGB0339,20
ADGB0340,20
ADGB0341,20
ADGB0342,20
ADGB0343,20
ADGB0344,20
ADGB0345,20
ADGB0346,20
ADGB0347,20
ADGB0348,20
ADGB0349,20
ADGB0350,20
ADGB0351,20
ADGB0352,20
ADGB0353,20
ADGB0354,20
ADGB0355,20
ADGB0356,20
ADGB0357,20
ADGB0358,20
ADGB0359,20
ADGB0360,20
ADGB0361,20
ADGB0362,20
ADGB0363,20
ADGB0364,20
ADGB0365,20
ADGB0366,20
ADGB0367,20
ADGB0368,20
ADGB0369,20
ADGB0370,20
ADGB0371,20
ADGB0372,20
ADGB0373,20
ADGB0374,20
ADGB0375,20
ADGB0376,20
ADGB0377,20
ADGB0378,20
ADGB0379,20
ADGB0380,20
ADGB0381,20
ADGB0382,20
ADGB0383,20
ADGB0384,20
ADGB0385,20
ADGB0386,20
ADGB0387,20
ADGB0388,20
ADGB0389,20
ADGB0390,20
ADGB0391,20
ADGB0392,20
ADGB0393,20
ADGB0394,20
ADGB0395,20
ADGB0396,20
ADGB0397,20
ADGB0398,20
ADGB0399,20
ADGB0400,20
ADGB0401,20
ADGB0402,20
ADGB0403,20
ADGB0404,20
ADGB0405,20
ADGB0406,20
ADGB0407,20
ADGB0408,20
ADGB0409,20
ADGB0410,20
ADGB0411,20
ADGB0412,20
ADGB0413,20
ADGB0414,20
ADGB0415,20
ADGB0416,20
ADGB0417,20
ADGB0418,20
ADGB0419,20
ADGB0420,20
ADGB0421,20
ADGB0422,20
ADGB0423,20
ADGB0424,20
ADGB0425,20
ADGB0426,20
ADGB0427,20
ADGB0428,20
ADGB0429,20
ADGB0430,20
ADGB0431,20
ADGB0432,20
ADGB0433,20
ADGB0434,20
ADGB0435,20
ADGB0436,20
ADGB0437,20
ADGB0438,20
ADGB0439,20
ADGB0440,20
ADGB0441,20
ADGB0442,20
ADGB0443,20
ADGB0444,20
ADGB0445,20
ADGB0446,20
ADGB0447,20
ADGB0448,20
ADGB0449,20
ADGB0450,20
ADGB0451,20
ADGB0452,20
ADGB0453,20
ADGB0454,20
ADGB0455,20
ADGB0456,20
ADGB0457,20
ADGB0458,20
ADGB0459,20
ADGB0460,20
ADGB0461,20
ADGB0462,20
ADGB0463,20
ADGB0464,20
ADGB0465,20
ADGB0466,20
ADGB0467,20
ADGB0468,20
ADGB0469,20
ADGB0470,20
ADGB0471,20
ADGB0472,20
ADGB0473,20
ADGB0474,20
ADGB0475,20
ADGB0476,20
ADGB0477,20
ADGB0478,20
ADGB0479,20
ADGB0480,20
ADGB0481,20
ADGB0482,20
ADGB0483,20
ADGB0484,20
ADGB0485,20
ADGB0486,20
ADGB0487,20
ADGB0488,20
ADGB0489,20
ADGB0490,20
ADGB0491,20
ADGB0492,20
ADGB0493,20
ADGB0494,20
ADGB0495,20
ADGB0496,20
ADGB0497,20
ADGB0498,20
ADGB0499,20
ADGB0500,20
ADGB0501,20
ADGB0502,20
ADGB0503,20
ADGB0504,20
ADGB0505,20
ADGB0506,20
ADGB0507,20
ADGB0508,20
ADGB0509,20
ADGB0510,20
ADGB0511,20
ADGB0512,20
ADGB0513,20
ADGB0514,20
ADGB0515,20
ADGB0516,20
ADGB0517,20
ADGB0518,20
ADGB0519,20
ADGB0520,20
ADGB0521,20
ADGB0522,20
ADGB0523,20
ADGB0524,20
ADGB0525,20
ADGB0526,20
ADGB0527,20
ADGB0528,20
ADGB0529,20
ADGB0530,20
ADGB0531,20
ADGB0532,20
ADGB0533,20
ADGB0534,20
ADGB0535,20
ADGB0536,20
ADGB0537,20
ADGB0538,20
ADGB0539,20
ADGB0540,20
ADGB0541,20
ADGB0542,20
ADGB0543,20
ADGB0544,20
ADGB0545,20
ADGB0546,20
ADGB0547,20
ADGB0548,20
ADGB0549,20
ADGB0550,20
ADGB0551,20
ADGB0552,20
ADGB0553,20
ADGB0554,20
ADGB0555,20
ADGB0556,20
ADGB0557,20
ADGB0558,20
ADGB0559,20
ADGB0560,20
ADGB0561,20
ADGB0562,20
ADGB0563,20
ADGB0564,20
ADGB0565,20
ADGB0566,20
ADGB0567,20
ADGB0568,20
ADGB0569,20
ADGB0570,20
ADGB0571,20
ADGB0572,20
ADGB0573,20
ADGB0574,20
ADGB0575,20
ADGB0576,20
ADGB0577,20
ADGB0578,20
ADGB0579,20
ADGB0581,20
ADGB0582,20
ADGB0583,20
ADGB0584,20
ADGB0585,20
ADGB0586,20
ADGB0587,20
ADGB0588,20
ADGB0589,20
ADGB0590,20
ADGB0591,20
ADGB0592,20
ADGB0593,20
ADGB0594,20
ADGB0595,20
ADGB0596,20
ADGB0597,20
ADGB0598,20
ADGB0599,20
ADGB0600,20
ADGB0601,20
ADGB0602,20
ADGB0603,20
ADGB0604,20
ADGB0605,20
ADGB0606,20
ADGB0607,20
ADGB0608,20
ADGB0609,20
ADGB0610,20
ADGB0611,20
ADGB0612,20
ADGB0613,20
ADGB0615,20
ADGB0616,20
ADGB0617,20
ADGB0618,20
ADGB0619,20
ADGB0620,20
ADGB0621,20
ADGB0622,20
ADGB0623,20
ADGB0624,20
ADGB0625,20
ADGB0626,20
ADGB0627,20
ADGB0628,20
ADGB0629,20
ADGB0630,20
ADGB0631,20
ADGB0632,20
ADGB0633,20
ADGB0634,20
ADGB0635,20
ADGB0636,20
ADGB0637,20
ADGB0638,20
ADGB0639,20
ADGB0640,20
ADGB0641,20
ADGB0642,20
ADGB0643,20
ADGB0644,20
ADGB0645,20
ADGB0646,20
ADGB0647,20
ADGB0648,20
ADGB0649,20
ADGB0650,20
ADGB0651,20
ADGB0652,20
ADGB0653,20
ADGB0654,20
ADGB0655,20
ADGB0656,20
ADGB0657,20
ADGB0658,20
ADGB0659,20
ADGB0660,20
ADGB0661,20
ADGB0662,20
ADGB0663,20
ADGB0664,20
ADGB0665,20
ADGB0666,20
ADGB0667,20
ADGB0668,20
ADGB0669,20
ADGB0670,20
ADGB0671,20
ADGB0672,20
ADGB0673,20
ADGB0674,20
ADGB0675,20
ADGB0676,20
ADGB0677,20
ADGB0678,20
ADGB0679,20
ADGB0680,20
ADGB0681,20
ADGB0682,20
ADGB0683,20
ADGB0684,20
ADGB0685,20
ADGB0686,20
ADGB0687,20
ADGB0688,20
ADGB0690,20
ADGB0691,20
ADGB0692,20
ADGB0693,20
ADGB0694,20
ADGB0695,20
ADGB0696,20
ADGB0697,20
ADGB0698,20
ADGB0699,20
ADGB0700,20
ADGB0701,20
ADGB0702,20
ADGB0703,20
ADGB0704,20
ADGB0705,20
ADGB0706,20
ADGB0707,20
ADGB0708,20
ADGB0709,20
ADGB0710,20
ADGB0711,20
ADGB0712,20
ADGB0713,20
ADGB0714,20
ADGB0715,20
ADGB0716,20
ADGB0718,20
ADGB0719,20
ADGB072,20
ADGB0720,20
ADGB0721,20
ADGB0722,20
ADGB0723,20
ADGB0724,20
ADGB0725,20
ADGB0726,20
ADGB0727,20
ADGB0728,20
ADGB0729,20
ADGB0730,20
ADGB0731,20
ADGB0732,20
ADGB0733,20
ADGB0734,20
ADGB0735,20
ADGB0736,20
ADGB0737,20
ADGB0738,20
ADGB0739,20
ADGB0740,20
ADGB0741,20
ADGB0742,20
ADGB0743,20
ADGB0744,20
ADGB0745,20
ADGB0746,20
ADGB0747,20
ADGB0748,20
ADGB0749,20
ADGB0750,20
ADGB0752,20
ADGB0753,20
ADGB0754,20
ADGB0755,20
ADGB0756,20
ADGB0757,20
ADGB0758,20
ADGB0759,20
ADGB0762,20
ADGB0763,20
ADGB0764,20
ADGB0765,20
ADGB0766,20
ADGB0767,20
ADGB0768,20
ADGB0769,20
ADGB0770,20
ADGB0771,20
ADGB0772,20
ADGB0773,20
ADGB0774,20
ADGB0775,20
ADGB0776,20
ADGB0777,20
ADGB0778,20
ADGB0779,20
ADGB0780,20
ADGB0781,20
ADGB0782,20
ADGB0783,20
ADGB0784,20
ADGB0785,20
ADGB0786,20
ADGB0787,20
ADGB0788,20
ADGB0789,20
ADGB0790,20
ADGB0791,20
ADGB0792,20
ADGB0793,20
ADGB0794,20
ADGB0795,20
ADGB0796,20
ADGB0797,20
ADGB0798,20
ADGB0799,20
ADGB0800,20
ADGB0801,20
ADGB0802,20
ADGB0803,20
ADGB0804,20
ADGB0805,20
ADGB0806,20
ADGB0807,20
ADGB0808,20
ADGB0809,20
ADGB0810,20
ADGB0812,20
ADGB0813,20
ADGB0814,20
ADGB0815,20
ADGB0816,20
ADGB0817,20
ADGB0819,20
ADGB0820,20
ADGB0821,20
ADGB0822,20
ADGB0823,20
ADGB0824,20
ADGB0825,20
ADGB0826,20
ADGB0827,20
ADGB0828,20
ADGB0829,20
ADGB0830,20
ADGB0831,20
ADGB0832,20
ADGB0833,20
ADGB0834,20
ADGB0835,20
ADGB0836,20
ADGB0837,20
ADGB0838,20
ADGB0839,20
ADGB0840,20
ADGB0841,20
ADGB0842,20
ADGB0843,20
ADGB0844,20
ADGB0845,20
ADGB0846,20
ADGB0847,20
ADGB0848,20
ADGB0849,20
ADGB0850,20
ADGB0851,20
ADGB0852,20
ADGB0853,20
ADGB0854,20
ADGB0855,20
ADGB0856,20
ADGB0857,20
ADGB0858,20
ADGB0859,20
ADGB0860,20
ADGB0861,20
ADGB0862,20
ADGB0863,20
ADGB0864,20
ADGB0865,20
ADGB0866,20
ADGB0867,20
ADGB0868,20
ADGB0869,20
ADGB0870,20
ADGB0871,20
ADGB0872,20
ADGB0873,20
ADGB0874,20
ADGB0875,20
ADGB0876,20
ADGB0877,20
ADGB0878,20
ADGB0879,20
ADGB0880,20
ADGB0881,20
ADGB0882,20
ADGB0883,20
ADGB0884,20
ADGB0885,20
ADGB0886,20
ADGB0887,20
ADGB0888,20
ADGB0889,20
ADGB0890,20
ADGB0891,20
ADGB0892,20
ADGB0893,20
ADGB0894,20
ADGB0895,20
ADGB0896,20
ADGB0897,20
ADGB0898,20
ADGB0899,20
ADGB0900,20
ADGB0901,20
ADGB0902,20
ADGB0903,20
ADGB0904,20
ADGB0905,20
ADGB0906,20
ADGB0907,20
ADGB0908,20
ADGB0909,20
ADGB0910,20
ADGB0911,20
ADGB0912,20
ADGB0913,20
ADGB0914,20
ADGB0915,20
ADGB0916,20
ADGB0917,20
ADGB0918,20
ADGB0919,20
ADGB0920,20
ADGB0921,20
ADGB0922,20
ADGB0923,20
ADGB0924,20
ADGB0925,20
ADGB0926,20
ADGB0927,20
ADGB0928,20
ADGB0929,20
ADGB0930,20
ADGB0931,20
ADGB0932,20
ADGB0933,20
ADGB0934,20
ADGB0935,20
ADGB0936,20
ADGB0937,20
ADGB0938,20
ADGB0939,20
ADGB0940,20
ADGB0941,20
ADGB0942,20
ADGB0943,20
ADGB0944,20
ADGB0945,20
ADGB0946,20
ADGB0947,20
ADGB0948,20
ADGB0949,20
ADGB0950,20
ADGB0951,20
ADGB0952,20
ADGB0953,20
ADGB0954,20
ADGB0955,20
ADGB0956,20
ADGB0957,20
ADGB0958,20
ADGB0959,20
ADGB0960,20
ADGB0961,20
ADGB0962,20
ADGB0963,20
ADGB0964,20
ADGB0965,20
ADGB0966,20
ADGB0967,20
ADGB0968,20
ADGB0969,20
ADGB0970,20
ADGB0971,20
ADGB0972,20
ADGB0973,20
ADGB0974,20
ADGB0975,20
ADGB0976,20
ADGB0977,20
ADGB0978,20
ADGB0979,20
ADGB0980,20
ADGB0981,20
ADGB0982,20
ADGB0983,20
ADGB0984,20
ADGB0985,20
ADGB0986,20
ADGB0987,20
ADGB0988,20
ADGB0989,20
ADGB0990,20
ADGB0991,20
ADGB0992,20
ADGB0993,20
ADGB0994,20
ADGB0995,20
ADGB0996,20
ADGB0997,20
ADGB0998,20
ADGB0999,20
ADGB1000,20
ADGB1001,20
ADGB1002,20
ADGB1003,20
ADGB1004,20
ADGB1005,20
ADGB1006,20
ADGB1007,20
ADGB1008,20
ADGB1009,20
ADGB1010,20
ADGB1011,20
ADGB1012,20
ADGB1013,20
ADGB1014,20
ADGB1015,20
ADGB1016,20
ADGB1017,20
ADGB1018,20
ADGB1019,20
ADGB1020,20
ADGB1021,20
ADGB1022,20
ADGB1023,20
ADGB1024,20
ADGB1025,20
ADGB1026,20
ADGB1027,20
ADGB1028,20
ADGB1029,20
ADGB1030,20
ADGB1031,20
ADGB1032,20
ADGB1033,20
ADGB1034,20
ADGB1035,20
ADGB1036,20
ADGB1037,20
ADGB1038,20
ADGB1039,20
ADGB1040,20
ADGB1041,20
ADGB1042,20
ADGB1043,20
ADGB1044,20
ADGB1045,20
ADGB1046,20
ADGB1047,20
ADGB1048,20
ADGB1049,20
ADGB1050,20
ADGB1051,20
ADGB1052,20
ADGB1053,20
ADGB1054,20
ADGB1055,20
ADGB1056,20
ADGB1057,20
ADGB1058,20
ADGB1059,20
ADGB1060,20
ADGB1061,20
ADGB1062,20
ADGB1063,20
ADGB1064,20
ADGB1065,20
ADGB1066,20
ADGB1067,20
ADGB1068,20
ADGB1069,20
ADGB1070,20
ADGB1071,20
ADGB1072,20
ADGB1073,20
ADGB1074,20
ADGB1075,20
ADGB1076,20
ADGB1077,20
ADGB1078,20
ADGB1079,20
ADGB1080,20
ADGB1081,20
ADGB1082,20
ADGB1083,20
ADGB1085,20
ADGB1086,20
ADGB1087,20
ADGB1088,20
ADGB1089,20
ADGB1090,20
ADGB1091,20
ADGB1092,20
ADGB1093,20
ADGB1094,20
ADGB1095,20
ADGB1096,20
ADGB1097,20
ADGB1098,20
ADGB1099,20
ADGB1100,20
ADGB1101,20
ADGB1102,20
ADGB1103,20
ADGB1104,20
ADGB1105,20
ADGB1106,20
ADGB1107,20
ADGB1108,20
ADGB1109,20
ADGB1110,20
ADGB1111,20
ADGB1112,20
ADGB1113,20
ADGB1114,20
ADGB1115,20
ADGB1116,20
ADGB1117,20
ADGB1118,20
ADGB1119,20
ADGB1120,20
ADGB1121,20
ADGB1122,20
ADGB1123,20
ADGB1124,20
ADGB1125,20
ADGB1126,20
ADGB1127,20
ADGB1128,20
ADGB1129,20
ADGB1130,20
ADGB1131,20
ADGB1132,20
ADGB1133,20
ADGB1134,20
ADGB1135,20
ADGB1136,20
ADGB1137,20
ADGB1138,20
ADGB1139,20
ADGB1140,20
ADGB1141,20
ADGB1142,20
ADGB1143,20
ADGB1144,20
ADGB1145,20
ADGB1146,20
ADGB1147,20
ADGB1148,20
ADGB1149,20
ADGB1150,20
ADGB1151,20
ADGB1152,20
ADGB1153,20
ADGB1154,20
ADGB1155,20
ADGB1156,20
ADGB1157,20
ADGB1158,20
ADGB1159,20
ADGB1160,20
ADGB1161,20
ADGB1162,20
ADGB1163,20
ADGB1164,20
ADGB1165,20
ADGB1166,20
ADGB1167,20
ADGB1168,20
ADGB1169,20
ADGB1170,20
ADGB1171,20
ADGB1172,20
ADGB1173,20
ADGB1174,20
ADGB1175,20
ADGB1176,20
ADGB1177,20
ADGB1178,20
ADGB1179,20
ADGB1180,20
ADGB1181,20
ADGB1182,20
ADGB1183,20
ADGB1184,20
ADGB1185,20
ADGB1186,20
ADGB1187,20
ADGB1188,20
ADGB1189,20
ADGB1190,20
ADGB1191,20
ADGB1192,20
ADGB1193,20
ADGB1194,20
ADGB1195,20
ADGB1196,20
ADGB1197,20
ADGB1198,20
ADGB1199,20
ADGB1200,20
ADGB1201,20
ADGB1202,20
ADGB1203,20
ADGB1204,20
ADGB1205,20
ADGB1206,20
ADGB1207,20
ADGB1208,20
ADGB1209,20
ADGB1210,20
ADGB1211,20
ADGB1212,20
ADGB1213,20
ADGB1214,20
ADGB1215,20
ADGB1216,20
ADGB1217,20
ADGB1218,20
ADGB1219,20
ADGB1220,20
ADGB1221,20
ADGB1222,20
ADGB1223,20
ADGB1224,20
ADGB1225,20
ADGB1226,20
ADGB1227,20
ADGB1228,20
ADGB1229,20
ADGB1230,20
ADGB1231,20
ADGB1232,20
ADGB1233,20
ADGB1234,20
ADGB1235,20
ADGB1236,20
ADGB1237,20
ADGB1238,20
ADGB1239,20
ADGB1242,20
ADGB1244,20
ADGB1245,20
ADGB1246,20
ADGB1247,20
ADGB1248,20
ADGB1249,20
ADGB1250,20
ADGB1251,20
ADGB1252,20
ADGB1253,20
ADGB1254,20
ADGB1255,20
ADGB1256,20
ADGB1257,20
ADGB1258,20
ADGB1259,20
ADGB1260,20
ADGB1261,20
ADGB1262,20
ADGB1263,20
ADGB1264,20
ADGB1265,20
ADGB1266,20
ADGB1267,20
ADGB1268,20
ADGB1269,20
ADGB1270,20
ADGB1271,20
ADGB1272,20
ADGB1273,20
ADGB1274,20
ADGB1275,20
ADGB1276,20
ADGB1277,20
ADGB1278,20
ADGB1279,20
ADGB1280,20
ADGB1281,20
ADGB1282,20
ADGB1283,20
ADGB1284,20
ADGB1285,20
ADGB1287,20
ADGB1288,20
ADGB1289,20
ADGB1301,20
ADGB1302,20
ADGB1303,20
ADGB1304,20
ADGB1305,20
ADGB1306,20
ADGB1307,20
ADGB1308,20
ADGB1309,20
ADGB1310,20
ADGB1311,20
ADGB1312,20
ADGB1313,20
ADGB1314,20
ADGB1315,20
ADGB1316,20
ADGB1317,20
ADGB1318,20
ADGB1319,20
ADGB1320,20
ADGB1321,20
ADGB1322,20
ADGB1323,20
ADGB1324,20
ADGB1325,20
ADGB1326,20
ADGB1327,20
ADGB1328,20
ADGB1329,20
ADGB1330,20
ADGB1331,20
ADGB1332,20
ADGB1333,20
ADGB1334,20
ADGB1335,20
ADGB1336,20
ADGB1337,20
ADGB1338,20
ADGB1339,20
ADGB1340,20
ADGB1341,20
ADGB1342,20
ADGB1343,20
ADGB1344,20
ADGB1345,20
ADGB1346,20
ADGB1347,20
ADGB1348,20
ADGB1349,20
ADGB1350,20
ADGB1351,20
ADGB1352,20
ADGB1353,20
ADGB1354,20
ADGB1355,20
ADGB1356,20
ADGB1357,20
ADGB1358,20
ADGB1359,20
ADGB1360,20
ADGB1361,20
ADGB1363,20
ADGB1364,20
ADGB1365,20
ADGB1366,20
ADGB1367,20
ADGB1368,20
ADGB1369,20
ADGB1370,20
ADGB1371,20
ADGB1372,20
ADGB1373,20
ADGB1374,20
ADGB1375,20
ADGB1376,20
ADGB1377,20
ADGB1378,20
ADGB1379,20
ADGB1380,20
ADGB1381,20
ADGB1382,20
ADGB1383,20
ADGB1384,20
ADGB1385,20
ADGB1386,20
ADGB1387,20
ADGB1388,20
ADGB1390,20
ADGB1391,20
ADGB1392,20
ADGB1393,20
ADGB1394,20
ADGB1395,20
ADGB1397,20
ADGB1398,20
ADGB1399,20
ADGB1400,20
ADGB1401,20
ADGB1402,20
ADGB1403,20
ADGB1404,20
ADGB1405,20
ADGB1406,20
ADGB1407,20
ADGB1408,20
ADGB1409,20
ADGB1410,20
ADGB1411,20
ADGB1412,20
ADGB1413,20
ADGB1414,20
ADGB1415,20
ADGB1416,20
ADGB1417,20
ADGB1418,20
ADGB1419,20
ADGB1420,20
ADGB1421,20
ADGB1422,20
ADGB1423,20
ADGB1424,20
ADGB1425,20
ADGB1426,20
ADGB1427,20
ADGB1428,20
ADGB1429,20
ADGB1430,20
ADGB1431,20
ADGB1432,20
ADGB1433,20
ADGB1434,20
ADGB1435,20
ADGB1436,20
ADGB1437,20
ADGB1438,20
ADGB1439,20
ADGB1440,20
ADGB1441,20
ADGB1442,20
ADGB1443,20
ADGB1445,20
ADGB1446,20
ADGB1447,20
ADGB1449,20
ADGB1450,20
ADGB1451,20
ADGB1452,20
ADGB1453,20
ADGB1454,20
ADGB1455,20
ADGB1456,20
ADGB1457,20
ADGB1458,20
ADGB1459,20
ADGB1460,20
ADGB1461,20
ADGB1462,20
ADGB1463,20
ADGB1464,20
ADGB1465,20
ADGB1466,20
ADGB1467,20
ADGB1468,20
ADGB1469,20
ADGB1470,20
ADGB1471,20
ADGB1472,20
ADGB1473,20
ADGB1474,20
ADGB1475,20
ADGB1476,20
ADGB1477,20
ADGB1478,20
ADGB1479,20
ADGB1480,20
ADGB1481,20
ADGB1482,20
ADGB1483,20
ADGB1484,20
ADGB1485,20
ADGB1486,20
ADGB1487,20
ADGB1488,20
ADGB1489,20
ADGB1490,20
ADGB1491,20
ADGB1492,20
ADGB1493,20
ADGB1494,20
ADGB1495,20
ADGB1496,20
ADGB1497,20
ADGB1498,20
ADGB1499,20
ADGB1500,20
ADGB1501,20
ADGB1502,20
ADGB1503,20
ADGB1504,20
ADGB1505,20
ADGB1506,20
ADGB1507,20
ADGB1508,20
ADGB1509,20
ADGB1510,20
ADGB1511,20
ADGB1512,20
ADGB1513,20
ADGB1514,20
ADGB1515,20
ADGB1516,20
ADGB1517,20
ADGB1518,20
ADGB1519,20
ADGB1520,20
ADGB1521,20
ADGB1522,20
ADGB1523,20
ADGB1525,20
ADGB1526,20
ADGB1527,20
ADGB1528,20
ADGB1529,20
ADGB1530,20
ADGB1531,20
ADGB1532,20
ADGB1533,20
ADGB1534,20
ADGB1535,20
ADGB1536,20
ADGB1537,20
ADGB1538,20
ADGB1539,20
ADGB1540,20
ADGB1541,20
ADGB1542,20
ADGB1543,20
ADGB1544,20
ADGB1545,20
ADGB1546,20
ADGB1547,20
ADGB1548,20
ADGB1549,20
ADGB1550,20
ADGB1551,20
ADGB1552,20
ADGB1553,20
ADGB1554,20
ADGB1555,20
ADGB1556,20
ADGB1557,20
ADGB1558,20
ADGB1559,20
ADGB1560,20
ADGB1561,20
ADGB1562,20
ADGB1563,20
ADGB1564,20
ADGB1565,20
ADGB1566,20
ADGB1567,20
ADGB1568,20
ADGB1569,20
ADGB1570,20
ADGB1571,20
ADGB1572,20
ADGB1573,20
ADGB1574,20
ADGB1575,20
ADGB1576,20
ADGB1577,20
ADGB1578,20
ADGB1579,20
ADGB1580,20
ADGB1581,20
ADGB1582,20
ADGB1583,20
ADGB1584,20
ADGB1585,20
ADGB1586,20
ADGB1587,20
ADGB1588,20
ADGB1589,20
ADGB1590,20
ADGB1591,20
ADGB1592,20
ADGB1593,20
ADGB1594,20
ADGB1595,20
ADGB1596,20
ADGB1597,20
ADGB1598,20
ADGB1599,20
ADGB1600,20
ADGB1601,20
ADGB1602,20
ADGB1603,20
ADGB1604,20
ADGB1605,20
ADGB1606,20
ADGB1607,20
ADGB1608,20
ADGB1609,20
ADGB1610,20
ADGB1611,20
ADGB1612,20
ADGB1613,20
ADGB1614,20
ADGB1615,20
ADGB1616,20
ADGB1617,20
ADGB1618,20
ADGB1619,20
ADGB1626,20
ADGB1627,20
ADGB1628,20
ADGB1629,20
ADGB1630,20
ADGB1631,20
ADGB1632,20
ADGB1633,20
ADGB1634,20
ADGB1635,20
ADGB1636,20
ADGB1637,20
ADGB1638,20
ADGB1639,20
ADGB1640,20
ADGB1641,20
ADGB1642,20
ADGB1643,20
ADGB1644,20
ADGB1645,20
ADGB1646,20
ADGB1647,20
ADGB1648,20
ADGB1649,20
ADGB1650,20
ADGB1651,20
ADGB1652,20
ADGB1653,20
ADGB1654,20
ADGB1655,20
ADGB1656,20
ADGB1657,20
ADGB1658,20
ADGB1659,20
ADGB1660,20
ADGB1661,20
ADGB1662,20
ADGB1663,20
ADGB1664,20
ADGB1665,20
ADGB1666,20
ADGB1667,20
ADGB1668,20
ADGB1669,20
ADGB1670,20
ADGB1671,20
ADGB1672,20
ADGB1673,20
ADGB1674,20
ADGB1675,20
ADGB1676,20
ADGB1677,20
ADGB1678,20
ADGB1679,20
ADGB1680,20
ADGB1681,20
ADGB1682,20
ADGB1683,20
ADGB1684,20
ADGB1685,20
ADGB1686,20
ADGB1687,20
ADGB1688,20
ADGB1689,20
ADGB1690,20
ADGB1691,20
ADGB1692,20
ADGB1693,20
ADGB1694,20
ADGB1695,20
ADGB1696,20
ADGB1697,20
ADGB1698,20
ADGB1699,20
ADGB1700,20
ADGB1701,20
ADGB1702,20
ADGB1703,20
ADGB1704,20
ADGB1705,20
ADGB1706,20
ADGB1707,20
ADGB1708,20
ADGB1709,20
ADGB1710,20
ADGB1711,20
ADGB1712,20
ADGB1713,20
ADGB1714,20
ADGB1715,20
ADGB1716,20
ADGB1717,20
ADGB1718,20
ADGB1719,20
ADGB1720,20
ADGB1721,20
ADGB1722,20
ADGB1723,20
ADGB1724,20
ADGB1725,20
ADGB1726,20
ADGB1727,20
ADGB1728,20
ADGB1729,20
ADGB1730,20
ADGB1731,20
ADGB1732,20
ADGB1733,20
ADGB1734,20
ADGB1735,20
ADGB1736,20
ADGB1737,20
ADGB1738,20
ADGB1739,20
ADGB1740,20
ADGB1741,20
ADGB1742,20
ADGB1743,20
ADGB1744,20
ADGB1745,20
ADGB1746,20
ADGB1747,20
ADGB1748,20
ADGB1749,20
ADGB1750,20
ADGB1751,20
ADGB1752,20
ADGB1753,20
ADGB1754,20
ADGB1755,20
ADGB1756,20
ADGB1757,20
ADGB1758,20
ADGB1759,20
ADGB1760,20
ADGB1761,20
ADGB1762,20
ADGB1763,20
ADGB1764,20
ADGB1765,20
ADGB1766,20
ADGB1767,20
ADGB1768,20
ADGB1769,20
ADGB1770,20
ADGB1771,20
ADGB1772,20
ADGB1773,20
ADGB1774,20
ADGB1775,20
ADGB1776,20
ADGB1777,20
ADGB1778,20
ADGB1779,20
ADGB1780,20
ADGB1781,20
ADGB1782,20
ADGB1783,20
ADGB1784,20
ADGB1785,20
ADGB1786,20
ADGB1787,20
ADGB1788,20
ADGB1789,20
ADGB1790,20
ADGB1791,20
ADGB1792,20
ADGB1793,20
ADGB1794,20
ADGB1795,20
ADGB1796,20
ADGB1797,20
ADGB1798,20
ADGB1799,20
ADGB1800,20
ADGB1801,20
ADGB1802,20
ADGB1803,20
ADGB1804,20
ADGB1805,20
ADGB1806,20
ADGB1807,20
ADGB1808,20
ADGB1809,20
ADGB1810,20
ADGB1811,20
ADGB1812,20
ADGB1813,20
ADGB1814,20
ADGB1815,20
ADGB1816,20
ADGB1817,20
ADGB1818,20
ADGB1819,20
ADGB1820,20
ADGB1821,20
ADGB1822,20
ADGB1823,20
ADGB1824,20
ADGB1825,20
ADGB1826,20
ADGB1827,20
ADGB1828,20
ADGB1829,20
ADGB1830,20
ADGB1831,20
ADGB1832,20
ADGB1833,20
ADGB1834,20
ADGB1835,20
ADGB1836,20
ADGB1837,20
ADGB1838,20
ADGB1839,20
ADGB1840,20
ADGB1841,20
ADGB1842,20
ADGB1843,20
ADGB1844,20
ADGB1845,20
ADGB1846,20
ADGB1847,20
ADGB1848,20
ADGB1849,20
ADGB1850,20
ADGB1851,20
ADGB1852,20
ADGB1853,20
ADGB1854,20
ADGB1855,20
ADGB1856,20
ADGB1857,20
ADGB1858,20
ADGB1859,20
ADGB1860,20
ADGB1861,20
ADGB1862,20
ADGB1863,20
ADGB1864,20
ADGB1865,20
ADGB1866,20
ADGB1867,20
ADGB1868,20
ADGB1869,20
ADGB1870,20
ADGB1871,20
ADGB1872,20
ADGB1874,20
ADGB1876,20
ADGB1877,20
ADGB1879,20
ADGB1880,20
ADGB1883,20
ADGB1886,20
ADGB1891,20
ADGB1898,20
ADGB1900,20
ADGB1901,20
ADGB1902,20
ADGB1903,20
ADGB1904,20
ADGB1916,20
ADGB1917,20
ADGB1919,20
ADGB1921,20
ADGB1924,20
ADGB1931,20
ADGB1934,20
ADGB1935,20
ADGB1942,20
ADGB1945,20
ADGB1946,20
ADGB1950,20
ADGB1953,20
ADGB1958,20
ADGB1960,20
ADGB8617,20
ADHK0002,20
ADHU0519,20
ADIE0001,20
ADIE0002,20
ADIE0003,20
ADIE0004,20
ADIE0005,20
ADIE0006,20
ADIE0007,20
ADIE0008,20
ADIE0009,20
ADIE0010,20
ADIE0011,20
ADIE0012,20
ADIE0013,20
ADIE0014,20
ADIE0015,20
ADIE0016,20
ADIE0017,20
ADIE0018,20
ADIE0019,20
ADIE0020,20
ADIE0021,20
ADIE0022,20
ADIE0023,20
ADIE0024,20
ADIE0025,20
ADIE0026,20
ADIE0027,20
ADIE0028,20
ADIE0029,20
ADIE0030,20
ADIE0031,20
ADIE0032,20
ADIE0033,20
ADIE0034,20
ADIE0035,20
ADIE0036,20
ADIE0037,20
ADIE0038,20
ADIE0039,20
ADIE0040,20
ADIE0041,20
ADIE0042,20
ADIE0043,20
ADIE0044,20
ADIE0045,20
ADIE0046,20
ADIE0047,20
ADIE0048,20
ADIE0049,20
ADIE0050,20
ADIE0051,20
ADIE0052,20
ADIE0053,20
ADIE0054,20
ADIN0001,20
ADIN0207,20
ADIT0708,20
ADJP0001,20
ADLE,20
ADLT0001,20
ADMT0002,20
ADNL0002,20
ADNL0128,20
ADNZ0001,20
ADP8,20
ADPL0001,20
ADPL0002,20
ADPL0003,20
ADPL0004,20
ADPL0005,20
ADPL0007,20
ADPL0008,20
ADPL0011,20
ADRO0001,20
ADRS0001,20
ADSE0156,20
ADSTSA,20
ADTR0006,20
ADTR0007,20
ADTR0008,20
ADTR0010,20
ADTR0012,20
ADTR0013,20
ADTR0014,20
ADU2,20
ADUK0033,20
ADUK0095,20
ADUK0312,20
ADUK0313,20
ADUK0389,20
ADUK0509,20
ADUK0572,20
ADUK0604,20
ADUK0628,20
ADUK0651,20
ADUK0659,20
ADUK0667,20
ADUK0740,20
ADUK0742,20
ADUK0764,20
ADUS0236,20
ADUS0338,20
ADV0132,20
ADVERSION,20
ADZA0001,20
ADZA0002,20
AGIL,20
AGSO,20
AIPR,20
AKA5,20
AKAA,20
ALCM,20
ALDO,20
ALIB,20
ALLD,20
ALTA,20
AMBB,20
AMFO,20
AMMV,20
ANGR,20
ANI001,20
ANO1,20
ANO2,20
ANOM001,20
ANOM002,20
ANOM003,20
ANSP,20
ANTV,20
APGA,20
ARAF,20
ARC001,20
ARMB,20
ASGW,20
ASIA001,20
ASIM,20
ATAG,20
ATJA,20
ATME,20
ATOM,20
AVBR,20
AWM8,20
B577,20
BAA2,20
BAC001,20
BACC,20
BACI,20
BADE,20
BAG6,20
BALI,20
BANC,20
BARU,20
BASL,20
BAT001,20
BATR,20
BBAD,20
BBC1,20
BDBE,20
BEA6,20
BEAM,20
BECR,20
BEHO,20
BEHU,20
BICE,20
BISB,20
BISD,20
BJPA,20
BL22,20
BLAC,20
BLCK,20
BLCL,20
BLDQ,20
BLDR,20
BLFA,20
BLUC,20
BLVI,20
BLW0,20
BMLA,20
BOAI,20
BONF,20
BOSE01,20
BOSE02,20
BOSE03,20
BOSE04,20
BOSE05,20
BOXI01,20
BOXNAT,20
BR77,20
BRAD,20
BRAH,20
BRB7,20
BRDJ,20
BRIG,20
BRIJ,20
BRME,20
BROS&SIS,20
BUAL,20
BUDI,20
BUPJ,20
BVR1,20
BYCR,20
C000,20
C056,20
C446,20
C720,20
C7201,20
C877,20
CABO,20
CACR,20
CAD4,20
CADI,20
CAEA,20
CAHT,20
CALT,20
CAM7,20
CAR002,20
CARA,20
CARAT01,20
CARL01,20
CARR,20
CAWO,20
CBRE,20
CDMI,20
CECE,20
CEPL,20
CERVEC,20
CGDE,20
CHBE,20
CHDR,20
CHE001,20
CHTB,20
CIAF,20
CIT001,20
CJP3,20
CKB01,20
CL22,20
CLCU,20
CLDI,20
CLEA,20
CLHB,20
CLIG,20
CLIH,20
CLMB,20
CLMD,20
CLO002,20
CO66,20
COAC,20
COAK,20
COBN,20
COCS,20
CODA,20
CODL,20
CODQ,20
COHM,20
COIF,20
COKZ,20
COLT,20
CON004,20
CORB,20
COSM,20
COSY,20
CRBB,20
CRET,20
CREY,20
CRFR,20
CROX,20
CRPA,20
CRSC,20
CRWO,20
CYGN,20
D168,20
D327,20
DAAI,20
DABI,20
DABR,20
DACO,20
DAHCHONG,20
DAMM01,20
DANC,20
DATA,20
DC66,20
DCPR,20
DDBSWED,20
DDBSWED01,20
DDGR,20
DDLO,20
DDTB,20
DE35,20
DEDO,20
DEIM,20
DEL8,20
DELF,20
DELK,20
DEOM,20
DESA,20
DEUB,20
DEUE,20
DEUK,20
DEWY,20
DIAF,20
DIAGEO01,20
DICJ,20
DIFF,20
DIWI,20
DLRE,20
DOAH,20
DODC,20
DONG,20
DRAC,20
DRAD,20
DRDD,20
DUMA,20
DYLT,20
DZG,20
E320,20
E953,20
EAAA,20
EAAD,20
EASY,20
EBEL,20
ECS1,20
ED88,20
EDEN0001,20
EDGL,20
EDPM,20
EKAD,20
ELDB,20
ELE001,20
ELE002,20
ELE003,20
ELE004,20
ELE005,20
ELE006,20
ELE007,20
ELE008,20
ELE009,20
ELE010,20
ELE011,20
ELE012,20
ELE013,20
ELE014,20
ELE015,20
ELE016,20
ELE017,20
ELE018,20
ELE019,20
ELE020,20
ELE021,20
ELE022,20
ELE023,20
ELEAUS,20
ELEDEN,20
ELEFRA,20
ELEGERM,20
ELEIT,20
ELENOR,20
ELEPL,20
ELERUSSIA,20
ELESING,20
ELESPAIN,20
ELESWE,20
ELESWIT,20
ELEUKR,20
ELEVENTEN,20
ELHC,20
ELPS,20
ELRE,20
ELSS,20
EMCL,20
EMEP,20
EMIRAT01,20
ENCO,20
ENSL,20
ER00,20
ER01,20
ER02,20
ER07,20
ESLD,20
ETSY,20
EURH,20
EURR,20
EVTL,20
EXHO,20
EYEM,20
EYEM1,20
FA77,20
FAAC,20
FACS,20
FAHO,20
FCBS,20
FEAT,20
FERE,20
FI55,20
FID001,20
FIGR,20
FIIN,20
FIL001,20
FITA,20
FIVC,20
FLAV,20
FLCU,20
FLDP,20
FOAC,20
FOAF,20
FOCO,20
FOGB,20
FOKA,20
FOMB,20
FOMU,20
FOX01,20
FOXT,20
FPM0001,20
FRA4,20
FRAP,20
FRBG,20
FRCM,20
FRE001,20
FUAA,20
FUTH,20
G152,20
G230,20
G938,20
GABR,20
GAMA,20
GEAA,20
GEDA,20
GEGC,20
GEN001,20
GEN002,20
GEN003,20
GEN004,20
GHIM,20
GICL,20
GILF,20
GILL,20
GIMA,20
GLCA,20
GLICKMAN,20
GMN001,20
GMSR,20
GOS2,20
GOS3,20
GOSL,20
GPDE,20
GRAI,20
GRAN,20
GRAT,20
GRBD,20
GRHU,20
GSAD,20
GUEA,20
GUOL,20
GURE,20
GWAD,20
GYIN,20
GZME,20
H177,20
H835,20
HAAS,20
HADB,20
HADG,20
HAKUH,20
HAME,20
HAOA,20
HAVAS01,20
HAYG,20
HDAG,20
HEAM,20
HICR,20
HIGH,20
HO77,20
HOAL,20
HOCS,20
HODH,20
HOG001,20
HOGA,20
HOHE,20
HOM3,20
HOML,20
HONDA01,20
HONDA02,20
HONDA03,20
HONDAAUS,20
HONDAIT,20
HONDARUS,20
HOPL,20
HOSD,20
HOTI,20
HOW001,20
HOYA,20
HPSB,20
HUAB,20
HUB001,20
HUBP,20
HUCB,20
HUGE01,20
HUGH,20
HUXM,20
I175,20
I333,20
I738,20
IAMC,20
ICC1,20
ICRE,20
IDAE0001,20
IDAE0002,20
IDAU0001,20
IDAU0002,20
IDAU0003,20
IDAU0004,20
IDAU0005,20
IDAU0006,20
IDAU0007,20
IDBR0001,20
IDBR0002,20
IDCZ0001,20
IDDE0001,20
IDDE0002,20
IDDK0001,20
IDDK0002,20
IDEA,20
IDES0001,20
IDES0002,20
IDFR0001,20
IDFR0002,20
IDGB0002,20
IDGB0003,20
IDGB0004,20
IDGB0005,20
IDGB0006,20
IDGB0007,20
IDGR0001,20
IDGR0002,20
IDHK0001,20
IDHU0001,20
IDIN0001,20
IDIN0002,20
IDIT0001,20
IDMY0001,20
IDMY0002,20
IDNL0001,20
IDNL0002,20
IDNZ0001,20
IDSG0001,20
IDTB0001,20
IDTM,20
IDUS0001,20
IDUS0002,20
IDUS0003,20
IFAE0001,20
IFAU0001,20
IFAU0002,20
IFAU0003,20
IFAU0004,20
IFAU0005,20
IFAU0006,20
IFAU0007,20
IFBR0001,20
IFCZ0001,20
IFCZ0002,20
IFDE0001,20
IFDK0001,20
IFES0001,20
IFFR0001,20
IFGB0001,20
IFGB0002,20
IFGB0003,20
IFGB0004,20
IFGB0005,20
IFGB0006,20
IFGB0007,20
IFGR0001,20
IFHK0001,20
IFHU0001,20
IFIN0001,20
IFIN0002,20
IFIT0001,20
IFL8,20
IFMY0001,20
IFNL0001,20
IFTB0001,20
IFUS0001,20
IGDA,20
IGIN,20
IGNC,20
IMDM,20
IMEX,20
IMPP,20
INB001,20
INB002,20
INB003,20
INB004,20
INB005,20
INBJ,20
INDO,20
ING0,20
ING3,20
INSS,20
INTO,20
IPS,20
J133,20
J718,20
JAVE,20
JEBSEN,20
JJ33,20
JOBF,20
JODW,20
JOFU,20
JPGL,20
JUNE,20
JUVL,20
JWMA,20
JWT001,20
JWT002,20
JWT003,20
JWT004,20
JWT005,20
JWT006,20
JWT007,20
JWT008,20
JWT009,20
JWT010,20
JWT011,20
JWT012,20
JWT013,20
JWT014,20
JWT015,20
JWT016,20
JWT017,20
JWT018,20
JWT019,20
JWT020,20
JWT021,20
JWT022,20
JWT023,20
JWT024,20
JWT025,20
JWT026,20
JWT027,20
JWT028,20
JWT029,20
JWT030,20
JWT031,20
JWT032,20
JWT033,20
JWT034,20
JWT035,20
JWT036,20
JWT037,20
JWT038,20
JWT039,20
JWT040,20
JWT041,20
JWT042,20
JWT043,20
JWT044,20
JWT045,20
JWT046,20
JWT047,20
JWT048,20
JWT049,20
JWT050,20
JWT051,20
JWT052,20
JWT053,20
JWT054,20
JWT055,20
KADL,20
KAMEN,20
KARC,20
KAYAK,20
KBMA,20
KDNI,20
KEHA,20
KEIT,20
KEIT01,20
KEKB,20
KELLOGG01,20
KEMO,20
KERR,20
KESC,20
KHEA,20
KIAD,20
KICB,20
KNSK,20
KRRG,20
KUP2,20
KUTL,20
L166,20
LA22,20
LA55,20
LABATT,20
LACM,20
LAIM,20
LAMO,20
LANF,20
LARO,20
LBB0001,20
LBB0002,20
LBB0003,20
LBB0004,20
LBB0005,20
LBB0006,20
LBB0007,20
LBB0008,20
LBB0009,20
LBB0010,20
LBB0011,20
LBB0012,20
LBB0013,20
LBB0014,20
LBB0015,20
LBB0016,20
LBB0017,20
LBB0018,20
LBB0019,20
LBB0020,20
LBB0021,20
LBB0022,20
LBB0023,20
LBB0024,20
LBB0025,20
LBB0026,20
LBB0027,20
LBB0028,20
LBB0029,20
LBB0030,20
LBB0031,20
LBB0032,20
LBB0033,20
LBB0034,20
LBB0035,20
LBB0036,20
LBB0037,20
LBB0038,20
LBB0039,20
LBB0040,20
LBB0041,20
LBB0042,20
LBB0043,20
LBB0044,20
LBB0045,20
LBB0046,20
LBB0047,20
LBB0048,20
LBB0049,20
LBB0050,20
LBB0051,20
LBB0052,20
LBB0053,20
LBB0054,20
LBB0055,20
LBB0056,20
LBB0057,20
LBB0058,20
LBB0059,20
LBB0060,20
LBB0061,20
LBB0062,20
LBB0063,20
LBB0064,20
LBB0065,20
LBB0066,20
LBB0067,20
LBB0068,20
LBB0069,20
LBB0070,20
LBB0071,20
LBB0072,20
LBB0073,20
LBB0074,20
LBB0075,20
LBB0076,20
LBB0077,20
LBB0078,20
LBB0079,20
LBB0080,20
LBB0081,20
LBB0082,20
LBB0083,20
LBB0084,20
LBB0085,20
LBB0086,20
LBB0087,20
LBB0088,20
LBB0089,20
LBB0090,20
LBB0091,20
LBB0092,20
LBB0093,20
LBB0094,20
LBB0095,20
LBB0096,20
LBB0097,20
LBB0098,20
LBB0099,20
LBB0100,20
LBB0101,20
LBB0102,20
LBB0103,20
LBB0104,20
LBB0105,20
LBB0106,20
LBB0107,20
LBB0108,20
LBB0109,20
LBB0110,20
LBB0111,20
LBB0112,20
LBB0113,20
LBB0114,20
LBB0115,20
LBB0116,20
LBB0117,20
LBB0118,20
LBB0119,20
LBB0120,20
LBB0121,20
LBB0122,20
LBB0123,20
LBB0124,20
LBB0125,20
LBB0126,20
LBB0127,20
LBB0128,20
LBB0129,20
LBB0130,20
LBB0131,20
LBB0132,20
LBB0133,20
LBB0134,20
LBB0135,20
LBB0136,20
LBB0137,20
LBB0138,20
LBB0139,20
LBB0140,20
LBB0141,20
LBB0142,20
LBB0143,20
LBB0144,20
LBB0145,20
LBB0146,20
LBB0147,20
LBB0148,20
LBB0149,20
LBB0150,20
LBB0151,20
LBB0152,20
LBB0153,20
LBB0154,20
LBB0155,20
LBB0156,20
LBB0157,20
LBB0158,20
LBB0159,20
LBB0160,20
LBB0161,20
LBB0162,20
LBB0163,20
LBB0164,20
LBB0165,20
LBB0166,20
LBB0167,20
LBB0168,20
LBB0169,20
LBB0170,20
LBB0171,20
LBB0172,20
LBB0173,20
LBB0174,20
LBB0175,20
LBB0176,20
LBB0177,20
LBB0178,20
LBB0179,20
LBB0180,20
LBB0181,20
LBB0182,20
LBB0183,20
LBB0184,20
LBB0185,20
LBB0186,20
LBB0187,20
LBB0188,20
LBB0189,20
LBB0190,20
LBB0191,20
LBB0192,20
LBB0193,20
LBB0194,20
LBB0195,20
LBB0196,20
LBB0197,20
LBB0198,20
LBB0199,20
LBB0200,20
LBB0201,20
LBB0202,20
LBB0203,20
LBB0204,20
LBB0205,20
LBB0206,20
LBB0207,20
LBB0208,20
LBB0209,20
LBB0210,20
LBB0211,20
LBB0212,20
LBB0213,20
LBB0214,20
LBB0215,20
LBB0216,20
LBB0217,20
LBB0218,20
LBB0219,20
LBB0220,20
LBB0221,20
LBB0222,20
LBB0223,20
LBB0224,20
LBB0225,20
LBB0226,20
LBB0227,20
LBB0228,20
LBB0229,20
LBB0230,20
LBB0231,20
LBB0232,20
LBB0233,20
LBB0234,20
LBB0235,20
LBB0236,20
LBB0237,20
LBB0238,20
LBB0239,20
LBB0240,20
LBB0241,20
LBB0242,20
LBB0243,20
LBB0244,20
LBB0245,20
LBB0246,20
LBB0247,20
LBB0248,20
LBB0249,20
LBB0250,20
LBB0251,20
LBB0252,20
LBB0253,20
LBB0254,20
LBB0255,20
LBB0256,20
LBB0257,20
LBB0258,20
LBB0259,20
LBB0260,20
LBB0261,20
LBB0262,20
LBB0263,20
LBB0264,20
LBB0265,20
LBB0266,20
LBB0267,20
LBB0268,20
LBB0269,20
LBB0270,20
LBB0271,20
LBB0272,20
LBB0273,20
LBB0274,20
LBB0275,20
LBB0276,20
LBB0277,20
LBB0278,20
LBB0279,20
LBB0280,20
LBB0281,20
LBB0282,20
LBB0283,20
LBB0284,20
LBB0285,20
LBB0286,20
LBB0287,20
LBB0288,20
LBB0289,20
LBB0290,20
LBB0291,20
LBB0292,20
LBB0293,20
LBB0294,20
LBB0295,20
LBB0296,20
LBB0297,20
LBB0298,20
LBB0299,20
LBB0300,20
LBB0301,20
LBB0302,20
LBB0303,20
LBB0304,20
LBB0305,20
LBB0306,20
LBB0307,20
LBB0308,20
LBB0309,20
LBB0310,20
LBB0311,20
LBB0312,20
LBB0313,20
LBB0314,20
LBB0315,20
LBB0316,20
LBB0317,20
LBB0318,20
LBB0319,20
LBB0320,20
LBB0321,20
LBB0322,20
LBB0323,20
LBB0324,20
LBB0325,20
LBB0326,20
LBB0327,20
LBB0328,20
LBB0329,20
LBB0330,20
LBB0331,20
LBB0332,20
LBB0333,20
LBB0334,20
LBB0335,20
LBB0336,20
LBB0337,20
LBB0338,20
LBB0339,20
LBB0340,20
LBB0341,20
LBB0342,20
LBB0343,20
LBB0344,20
LBB0345,20
LBB0346,20
LBB0347,20
LBB0348,20
LBB0349,20
LBB0350,20
LBB0351,20
LBB0352,20
LBB0353,20
LBB0354,20
LBB0355,20
LBB0356,20
LBB0357,20
LBB0358,20
LBB0359,20
LBB0360,20
LBB0361,20
LBB0362,20
LBB0364,20
LBB0365,20
LBB0366,20
LBB0367,20
LBB0368,20
LBB0369,20
LBB0370,20
LBB0371,20
LBB0372,20
LBB0373,20
LBB0374,20
LBB0375,20
LBB0376,20
LBB0377,20
LBB0378,20
LBB0379,20
LBB0380,20
LBB0381,20
LBB0382,20
LBB0383,20
LBB0384,20
LBB0385,20
LBB0386,20
LBB0387,20
LBB0388,20
LBB0389,20
LBB0390,20
LBB0391,20
LBB0392,20
LBB0393,20
LBB0394,20
LBB0395,20
LBB0396,20
LBB0397,20
LBB0398,20
LBB0399,20
LBB0400,20
LBB0401,20
LBB0402,20
LBB0403,20
LBB0404,20
LBB0405,20
LBB0406,20
LBB0407,20
LBB0408,20
LBB0409,20
LBB0410,20
LBB0411,20
LBB0412,20
LBB0413,20
LBB0414,20
LBB0415,20
LBB0416,20
LBB0417,20
LBB0418,20
LBB0419,20
LBB0420,20
LBB0421,20
LBB0422,20
LBB0423,20
LBB0424,20
LBB0425,20
LBB0426,20
LBB0427,20
LBB0428,20
LBB0429,20
LBB0430,20
LBB0431,20
LBB0432,20
LBB0433,20
LBB0434,20
LBB0435,20
LBB0436,20
LBB0437,20
LBB0438,20
LBB0439,20
LBB0440,20
LBB0441,20
LBB0442,20
LBB0443,20
LBB0444,20
LBB0445,20
LBB0446,20
LBB0447,20
LBB0448,20
LBB0449,20
LBB0450,20
LBB0451,20
LBB0452,20
LBB0453,20
LBB0454,20
LBB0455,20
LBB0456,20
LBB0457,20
LBB0458,20
LBB0459,20
LBB0460,20
LBB0461,20
LBB0462,20
LBB0463,20
LBB0464,20
LBB0465,20
LBB0466,20
LBB0467,20
LBB0468,20
LBB0469,20
LBB0470,20
LBB0471,20
LBB0472,20
LBB0473,20
LBB0474,20
LBB0475,20
LBB0476,20
LBB0477,20
LBB0478,20
LBB0479,20
LBB0480,20
LBB0481,20
LBB0482,20
LBB0483,20
LBB0484,20
LBB0485,20
LBB0486,20
LBB0487,20
LBR001,20
LEAG,20
LEBC,20
LEBE,20
LEIT01,20
LEMC,20
LEMS,20
LEO002,20
LEO003,20
LEO004,20
LICS,20
LIGA,20
LIKE,20
LION,20
LIRE,20
LISN,20
LISN1,20
LITN,20
LIWG,20
LLB001,20
LO88,20
LOCG,20
LOPI,20
LYBA,20
M133,20
M276,20
M285,20
M333,20
M467,20
M638,20
M734,20
M888,20
MABS,20
MABU,20
MAC5,20
MADA,20
MADF,20
MAE2,20
MAHA,20
MAIN,20
MAK01,20
MALB,20
MALZ,20
MAMM,20
MAN0001,20
MAN0002,20
MAN0003,20
MAN0004,20
MAN0005,20
MAN0006,20
MAN0007,20
MAN0008,20
MAN0009,20
MAN0010,20
MAN0011,20
MAN0012,20
MAN0013,20
MAN0014,20
MAN0015,20
MAN0016,20
MAN0017,20
MAN0018,20
MAN0019,20
MAN0020,20
MAN0021,20
MAN0022,20
MAN0023,20
MATU,20
MC77,20
MCCO,20
MCEF,20
MCGARRY01,20
MCPR,20
MEGJ,20
MEGL,20
MEIX,20
MEJA,20
MEM5,20
MEQA,20
MGN1,20
MHGR,20
MI66,20
MIHG,20
MIIM,20
MISD,20
MIUN,20
MIVE,20
MMDE,20
MOLD,20
MOLS01,20
MON7,20
MOR001,20
MPEG001,20
MPSB,20
MPSC,20
MUFR,20
MYMO,20
N966,20
NA00,20
NABA,20
NACH,20
NEIM,20
NEJO,20
NEMN,20
NETZ,20
NEU8,20
NFLDIGITAL,20
NMC001,20
NOAD,20
NOK001,20
NOK002,20
NOMANDS,20
NUCC,20
NUMBER01,20
NUSR,20
OADC,20
OCEA,20
OCMA,20
ODFC,20
OGAM,20
OGIF,20
OGII,20
OGMG,20
OLDT,20
OLG6,20
OMAD,20
OMEG01,20
ONBC,20
ONSP,20
ONW1,20
ONWM,20
ONZO,20
OPO001,20
OPRE,20
ORAL,20
ORDB,20
OUCR,20
OUTD,20
OUTSIDE01,20
OWDD,20
OYS001,20
OZK001,20
P093,20
P331,20
P422,20
P733,20
PAAD,20
PABX,20
PAIW,20
PALL001,20
PARA001,20
PARA002,20
PARK,20
PE77,20
PEAN,20
PECF,20
PEGI,20
PEL001,20
PEL002,20
PELC,20
PFJ0,20
PH77,20
PHDE,20
PIMD,20
PIR001,20
PMMC,20
PNRE,20
POOE,20
POPA,20
POTM,20
PR02,20
PR66,20
PRAC,20
PRBL,20
PRCR,20
PRDE,20
PREP,20
PRO2,20
PROCTER01,20
PROCTER02,20
PROE,20
PROP,20
PRPA,20
PRWP,20
PSUD,20
PUBH,20
PUBM,20
PUCB,20
PUFF,20
PWLC,20
Q558,20
QDDE,20
QMA1,20
QUBL,20
QUI002,20
R946,20
RACL,20
RADG,20
RADICAL,20
RAPI,20
REDG,20
REFL,20
RELS,20
REMM,20
REPS,20
RESM,20
RETE,20
RGAA,20
RIAB,20
RIAD,20
RIB7,20
RIN8,20
RISB,20
RLNI,20
ROAO,20
ROAW,20
ROBR,20
ROCP,20
RODA,20
RORA,20
ROTH,20
ROWD,20
RRDO,20
RYAI,20
S121,20
S466,20
SA00,20
SAATCHI01,20
SAATCHIAMS,20
SAATCHIBRUS,20
SANM01,20
SARACAKIS,20
SCA001,20
SCCD,20
SCCE,20
SCCJ,20
SCGC,20
SCGL,20
SCHY,20
SCRH,20
SEBW,20
SERG,20
SESF,20
SHACK01,20
SHAR,20
SHDA,20
SHFI,20
SHOO,20
SIMO01,20
SITA,20
SKY001,20
SKY002,20
SM11,20
SMAA,20
SMDE,20
SMRS,20
SNCA,20
SNCR,20
SOA6,20
SOA7,20
SOCF,20
SOCO,20
SOHB,20
SOUK,20
SP66,20
SPECIAL,20
SPLB,20
SQYD,20
SSL001,20
STDI,20
STDL,20
STDV,20
STHA,20
STJA,20
STLO,20
STMF,20
STOC002,20
STOP,20
STRAW001,20
STRAW002,20
STRAW003,20
SU88,20
SUGA,20
SULA,20
SUPC,20
SUTA,20
T562,20
T594,20
T886,20
TA3K,20
TAEJ,20
TALA,20
TAMK,20
TAO5,20
TAQL,20
TARE,20
TARK,20
TASA,20
TBFR0001,20
TBGB0122,20
TBGB0229,20
TBGB0230,20
TBGB0231,20
TBRA,20
TBSA0001,20
TBUS0007,20
TCAD,20
TCLO,20
TDAD,20
TEAR,20
TECR,20
TESP,20
TH1T,20
TH67,20
THBG,20
THBJ,20
THCR,20
THCV,20
THEC,20
THEU,20
THFE,20
THKP,20
THLM,20
THMM,20
THNE,20
THOP,20
THPQ,20
THT0,20
THTD,20
THTL,20
THTS,20
THWG,20
THWJ,20
THWN,20
TITL,20
TMOA,20
TMWB,20
TMWB.,20
TOGL,20
TOGO,20
TRANSLATION,20
TRAV,20
TRCE,20
TUUL,20
TVT001,20
TWFL,20
TWMB,20
TWO454(GBP),20
TWO454(USD),20
TWOR,20
U161,20
U829,20
UE00,20
UE03,20
UE11,20
UE17,20
UK04,20
UK07,20
UK08,20
UK12,20
UK13,20
UK14,20
UK15,20
UK19,20
UK26,20
UK33,20
UK34,20
UK35,20
UK52,20
UK54,20
UK57,20
UK60,20
UK63,20
UK64,20
UK65,20
UK91,20
UK93,20
UK98,20
UK981,20
UK99,20
UKAM,20
UN55,20
UNCC,20
UNCO,20
UNIHON,20
UNVD,20
V715,20
VCCP,20
VER00001,20
VER00002,20
VER00003,20
VER00004,20
VER00005,20
VER000059,20
VER00006,20
VER00007,20
VER00008,20
VER00009,20
VER00010,20
VER00011,20
VER00012,20
VER00013,20
VER00014,20
VER00015,20
VER00016,20
VER00017,20
VER00018,20
VER00019,20
VER00020,20
VER00021,20
VER00022,20
VER00023,20
VER00024,20
VER00025,20
VER00026,20
VER00027,20
VER00028,20
VER00029,20
VER00030,20
VER00031,20
VER00032,20
VER00033,20
VER00034,20
VER00035,20
VER00036,20
VER00037,20
VER00038,20
VER00039,20
VER00040,20
VER00041,20
VER00042,20
VER00043,20
VER00043PP,20
VER00044,20
VER00045,20
VER00046,20
VER00047,20
VER00048,20
VER00049,20
VER00050,20
VER00051,20
VER00052,20
VER00053,20
VER00054,20
VER00055,20
VER00056,20
VER00057,20
VER00058,20
VER00059,20
VER00060,20
VER00061,20
VER00062,20
VER00063,20
VER00064,20
VER00065,20
VER00066,20
VER00067,20
VER00068,20
VER00069,20
VER00070,20
VERISING01,20
VERS,20
VIAO,20
VIEN,20
VIOA,20
VIRG,20
VISU001,20
VIVJ,20
VIWC,20
VOJV,20
VOYD,20
W246,20
WA55,20
WAAH,20
WABA,20
WABB,20
WACA,20
WALP,20
WALT01,20
WARNER01,20
WDAD,20
WFCA,20
WHIG,20
WHIQ,20
WHND,20
WI88,20
WIHA,20
WOAG,20
WOHA,20
WOOP,20
WRBU,20
WRDE,20
WSAA,20
WWRA,20
WWRC,20
XMSO,20
Y&R002,20
Y&R003,20
Y&R004,20
Y&R005,20
Y&R006,20
Y&R007,20
Y&R010,20
Y&R011,20
Y&R012,20
Y&R013,20
Y&R014,20
Y&R015,20
Y&R016,20
Y&R017,20
Y&R019,20
YECO,20
YOAD,20
YOPA,20
YOU001,20
ZEBR,20
ZENI001,20
ZERO,20
ZONE,20
ZOOMIN01,20
